{
  "keep_pct": 0.10397446068186673,
  "min_sustain_all": 0.6217907142259529,
  "min_sustain_20_50": 0.0,
  "min_sustain_price_200": 0.0,
  "min_adv20": 0.0,
  "score_mode": "date_z",
  "raw_features": [
    "market_regime",
    "market_trend",
    "market_trend_z",
    "z_gap_up",
    "z_vol_60",
    "z_vol_of_vol_20",
    "z_vol_spike_20"
  ],
  "market_trend_col": "market_trend_z",
  "market_trend_keep_scale": 0.18027580384254288,
  "market_regime_col": "market_regime",
  "market_bull_scale": 0.20592911293538615,
  "market_bear_scale": 0.45529207901630686,
  "breadth_col": "mom_3m",
  "breadth_mode": "pos_frac",
  "breadth_keep_scale": 0.3697399108725584,
  "breadth_center": 0.5,
  "min_keep_pct": 0.02,
  "max_keep_pct": 0.2,
  "features": [
    "z_gap_up",
    "z_vol_60",
    "mom_3m",
    "ema_stack",
    "vol_spike_20",
    "z_vol_of_vol_20",
    "z_vol_spike_20",
    "vol_of_vol_20",
    "log_adv_20",
    "sustain_all",
    "gap_up_on_vol",
    "RS_sector_slope90",
    "TotalScore"
  ],
  "weights": [
    0.013923303905618743,
    -0.09743008827122322,
    0.0007834288668872988,
    0.005128044360499329,
    0.02820494626568819,
    -0.046531742867818714,
    0.03932075696366967,
    -0.04603120636887115,
    0.008058721147894701,
    0.005247363406637517,
    0.045753448848430245,
    0.026387606863453227,
    0.03618145496343553
  ]
}