{
  "keep_pct": 0.10397446068186673,
  "min_sustain_all": 0.6217907142259529,
  "min_sustain_20_50": 0.0,
  "min_sustain_price_200": 0.0,
  "min_adv20": 0.0,
  "score_mode": "date_z",
  "raw_features": [
    "market_regime",
    "market_trend",
    "market_trend_z",
    "z_gap_up",
    "z_vol_60",
    "z_vol_of_vol_20",
    "z_vol_spike_20",
    "z_peg_bucket"
  ],
  "market_trend_col": "market_trend_z",
  "market_trend_keep_scale": 0.18027580384254288,
  "market_regime_col": "market_regime",
  "market_bull_scale": 0.20592911293538615,
  "market_bear_scale": 0.45529207901630686,
  "breadth_col": "mom_3m",
  "breadth_mode": "pos_frac",
  "breadth_keep_scale": 0.3697399108725584,
  "breadth_center": 0.5,
  "min_keep_pct": 0.02,
  "max_keep_pct": 0.2,
  "features": [
    "z_gap_up",
    "z_vol_60",
    "mom_3m",
    "ema_stack",
    "vol_spike_20",
    "z_vol_of_vol_20",
    "z_vol_spike_20",
    "vol_of_vol_20",
    "log_adv_20",
    "sustain_all",
    "gap_up_on_vol",
    "RS_sector_slope90",
    "TotalScore",
    "z_peg_bucket"
  ],
  "weights": [
    0.013505604788450181,
    -0.09450718562308652,
    0.0007599260008806798,
    0.0049742030296843496,
    0.02735879787771754,
    -0.04513579058178415,
    0.03814113425475958,
    -0.04465027017780501,
    0.00781695951345786,
    0.005089942504438391,
    0.04438084538297734,
    0.025595978657549628,
    0.03509601131453246,
    0.0005698811425290409
  ]
}