{
  "bundle_name": "searched_regime_ranker_trial_16",
  "model_type": "lightgbm_regime",
  "topk": 10,
  "feature_cols": [
    "vol_60",
    "vol_120",
    "RS_sector_slope90",
    "RS_spy_slope90",
    "mom_6m",
    "z_RS_sector_slope",
    "z_mdd_3m",
    "z_vol_of_vol_20",
    "adv_ratio_20_60",
    "z_adv_ratio_20_60",
    "combo_trend_regime",
    "z_mom_3m",
    "STSI",
    "vol_ratio_20_120",
    "z_pullback_quality",
    "pullback_quality",
    "combo_vol_trend",
    "z_prox_high",
    "sustain_all",
    "market_regime",
    "z_vol_ratio_20_120",
    "proximity_high_126",
    "z_gap_up"
  ],
  "regime_col": "market_regime",
  "default_regime": "neutral",
  "regime_models": {
    "bear": {
      "regime_value": -1,
      "model_path": "scripts/train_model/LLM_bot/Brain/searched_regime_ranker_bear.txt",
      "feature_cols": [
        "vol_60",
        "vol_120",
        "RS_sector_slope90",
        "RS_spy_slope90",
        "mom_6m",
        "z_RS_sector_slope",
        "z_mdd_3m",
        "z_vol_of_vol_20",
        "adv_ratio_20_60",
        "z_adv_ratio_20_60",
        "combo_trend_regime",
        "z_mom_3m",
        "STSI",
        "vol_ratio_20_120",
        "z_pullback_quality",
        "pullback_quality",
        "combo_vol_trend",
        "z_prox_high",
        "sustain_all",
        "market_regime",
        "z_vol_ratio_20_120",
        "proximity_high_126",
        "z_gap_up"
      ],
      "imputer_fill_values": {
        "vol_60": 0.020877479925595088,
        "vol_120": 0.021722028568723267,
        "RS_sector_slope90": 0.003071085984221636,
        "RS_spy_slope90": 0.0032454529330006748,
        "mom_6m": 0.3386756702525463,
        "z_RS_sector_slope": 0.9093651486071902,
        "z_mdd_3m": -0.8921694782391952,
        "z_vol_of_vol_20": -0.2511372949734989,
        "adv_ratio_20_60": 1.1158528178835572,
        "z_adv_ratio_20_60": 0.31137757127121135,
        "combo_trend_regime": 1.2024506667870754,
        "z_mom_3m": 0.2377540972122666,
        "STSI": 0.8569720221683077,
        "vol_ratio_20_120": 0.9967092830088656,
        "z_pullback_quality": -0.027291951326566987,
        "pullback_quality": 0.022000462797599492,
        "combo_vol_trend": -2.0605177124407756,
        "z_prox_high": 1.1148355304044726,
        "sustain_all": 1.0,
        "market_regime": -1.0,
        "z_vol_ratio_20_120": -0.08959579715688709,
        "proximity_high_126": -0.022524317620881973,
        "z_gap_up": 0.18313455082672953
      }
    },
    "neutral": {
      "regime_value": 0,
      "model_path": "scripts/train_model/LLM_bot/Brain/searched_regime_ranker_neutral.txt",
      "feature_cols": [
        "vol_60",
        "vol_120",
        "mom_6m",
        "RS_spy_slope90",
        "RS_sector_slope90",
        "z_RS_sector_slope",
        "z_mdd_3m",
        "STSI",
        "z_vol_of_vol_20",
        "z_mom_3m",
        "z_adv_ratio_20_60",
        "adv_ratio_20_60",
        "combo_vol_trend"
      ],
      "imputer_fill_values": {
        "vol_60": 0.017328066319983022,
        "vol_120": 0.018297878471862813,
        "mom_6m": 0.2973341639102919,
        "RS_spy_slope90": 0.002265999995422337,
        "RS_sector_slope90": 0.0022303492112497715,
        "z_RS_sector_slope": 0.7737182096947129,
        "z_mdd_3m": -0.8039510972253692,
        "STSI": 0.7087456301758605,
        "z_vol_of_vol_20": -0.26911968958519555,
        "z_mom_3m": 0.252100181669482,
        "z_adv_ratio_20_60": 0.1483928838582339,
        "adv_ratio_20_60": 1.071468909211713,
        "combo_vol_trend": -0.5696955735079157
      }
    },
    "bull": {
      "regime_value": 1,
      "model_path": "scripts/train_model/LLM_bot/Brain/searched_regime_ranker_bull.txt",
      "feature_cols": [
        "vol_120",
        "vol_60",
        "RS_spy_slope90",
        "RS_sector_slope90",
        "mom_6m",
        "z_RS_sector_slope",
        "z_mdd_3m",
        "z_vol_of_vol_20",
        "adv_ratio_20_60",
        "z_adv_ratio_20_60",
        "z_mom_3m",
        "STSI"
      ],
      "imputer_fill_values": {
        "vol_120": 0.019386961972451072,
        "vol_60": 0.01777880104953157,
        "RS_spy_slope90": 0.0019358675982436187,
        "RS_sector_slope90": 0.0019283709384258015,
        "mom_6m": 0.3365797886205959,
        "z_RS_sector_slope": 0.5905302416525005,
        "z_mdd_3m": -0.719391443529667,
        "z_vol_of_vol_20": -0.24301312785562101,
        "adv_ratio_20_60": 1.040967921276629,
        "z_adv_ratio_20_60": 0.034215018880012736,
        "z_mom_3m": 0.11956562634572031,
        "STSI": 0.5170343026681364
      }
    }
  },
  "rank_label": "fwd_max_6m_dd",
  "rank_label_mode": "max",
  "calendar_6m": true,
  "peg_nudge": 0.0,
  "score_calibration_path": "knobs/score_calibration.json",
  "selection_method": "walkforward_knob_search",
  "source_path": "work/full_knob_search_regime_ranker/winner/best_config.json",
  "model_path": "scripts/train_model/LLM_bot/Brain/searched_regime_ranker_neutral.txt"
}