{"version":1,"bins":200,"pred_min":-3.547614528937195,"pred_max":4.292761547727704,"k":0.03,"mu_perfect":1.6722811947104006,"mu_adj":[0.049123905287503614,0.049123905287503614,0.049123905287503614,0.05304755377350851,0.05304755377350851,0.05304755377350851,0.05304755377350851,0.05304755377350851,0.05304755377350851,0.05304755377350851,0.05304755377350851,0.05304755377350851,0.05304755377350851,0.06649052507003371,0.06649052507003371,0.06649052507003371,0.07053624215230649,0.07053624215230649,0.07053624215230649,0.07053624215230649,0.07053624215230649,0.07710610734817769,0.07710610734817769,0.08369126972041194,0.09066445000808476,0.0974725434667205,0.10699256686796396,0.11629027172032616,0.12557202763614042,0.12557399789675353,0.12920398807836156,0.13649892496351732,0.13649892496351732,0.13950780415226505,0.14443777048857484,0.14443777048857484,0.14849269956154754,0.14849269956154754,0.14849269956154754,0.14849269956154754,0.14849269956154754,0.14849269956154754,0.14849269956154754,0.14849269956154754,0.14849269956154754,0.14849269956154754,0.14962500799814563,0.15000841574680673,0.15000841574680673,0.15000841574680673,0.15000841574680673,0.15158326393713198,0.15158326393713198,0.15501906480457894,0.1556440940895485,0.1558255199856557,0.15763733017746798,0.15763733017746798,0.1600029409312513,0.1600029409312513,0.16124035046636082,0.16157269642888683,0.16338445890070075,0.167129002776601,0.1673821519967884,0.16913107429563995,0.1694736687396309,0.1694736687396309,0.17318140075763994,0.17561987549871863,0.17858190315625855,0.1807082971256813,0.18258126478579045,0.18599998234319773,0.18768781435022283,0.19137433617839525,0.19324296122040793,0.19486693100908542,0.1983908416090382,0.20063185518253965,0.2048521997208479,0.20792478046739504,0.21073844810636433,0.21675098084036576,0.223989850213927,0.22660905118478983,0.2306137757187058,0.2306137757187058,0.23920843437866798,0.24362863868620085,0.24362863868620085,0.24693066775316497,0.24693066775316497,0.24693066775316497,0.24693066775316497,0.24693066775316497,0.24693066775316497,0.24693066775316497,0.24693066775316497,0.24693066775316497,0.3229221080807504,0.3229221080807504,0.3229221080807504,0.3371080727970417,0.3371080727970417,0.3371080727970417,0.4136206968609957,0.4136206968609957,0.48714793947310264,0.5028285912991854,0.5321552148997749,0.5334957381911919,0.5334957381911919,0.5334957381911919,0.5334957381911919,0.5334957381911919,0.5334957381911919,0.5334957381911919,0.5761708520947221,0.6554935107630909,0.6554935107630909,0.7380440081019162,0.7380440081019162,0.7380440081019162,0.8363120972799175,0.8748612812016402,0.9080208191266862,0.921578689067223,0.9435287460545692,0.970231130413691,0.9881887150016609,1.0225972435603454,1.0225972435603454,1.0805950893327578,1.0805950893327578,1.082460019902519,1.082460019902519,1.0930709753167365,1.1376950046084235,1.1376950046084235,1.1614365310182018,1.1848015761400936,1.260875737785919,1.260875737785919,1.2738956132987334,1.2738956132987334,1.2738956132987334,1.331579008118504,1.331579008118504,1.3834832634690961,1.4153378204567522,1.4153378204567522,1.438627277574192,1.438627277574192,1.438627277574192,1.438627277574192,1.438627277574192,1.4771198769549523,1.4771198769549523,1.4771198769549523,1.4771198769549523,1.5092892471805663,1.5092892471805663,1.5277848817358926,1.5277848817358926,1.5277848817358926,1.5277848817358926,1.5277848817358926,1.5277848817358926,1.5277848817358926,1.5277848817358926,1.5277848817358926,1.5277848817358926,1.5277848817358926,1.5277848817358926,1.5277848817358926,1.5277848817358926,1.6722811947104006,1.6722811947104006,1.6722811947104006,1.6722811947104006,1.6722811947104006,1.6722811947104006,1.6722811947104006,1.6722811947104006,1.6722811947104006,1.6722811947104006,1.6722811947104006,1.6722811947104006,1.6722811947104006,1.6722811947104006,1.6722811947104006,1.6722811947104006,1.6722811947104006,1.6722811947104006,1.6722811947104006,1.6722811947104006,1.6722811947104006,1.6722811947104006,1.6722811947104006],"thresholds":{"low_return":0.0,"heavy_return":1.5,"score_low":0,"score_heavy":950,"score_max":1000},"anchors":{"return_600":1.003369,"return_800":1.337825,"return_950":1.588667}}
