{
  "version": 2,
  "bins": 200,
  "pred_min": -5.626963853043459,
  "pred_max": 5.546473468912404,
  "k": 0.03,
  "mu_perfect": 2.1868074035084364,
  "mu_adj": [
    0.023273613896573897,
    0.022136512493254656,
    0.020999411089935416,
    0.023688931383530787,
    0.01963359459523928,
    0.01557825780694777,
    0.011522921018656263,
    0.007467584230364754,
    0.0034122474420732463,
    0.020551358050073132,
    0.016865048579108644,
    0.012058368828562926,
    0.030625736033465707,
    0.024125845953224978,
    0.018013609357332355,
    0.03390665390177117,
    0.02353162660227,
    0.010830356038201816,
    0.014502961503535205,
    0.011255795658634271,
    0.016432956438206636,
    0.0215956523338071,
    0.03977501203999676,
    0.03749044836709613,
    0.018095507937964016,
    0.028116668208598795,
    0.01992725539444658,
    0.03385958112468936,
    0.030699555475380693,
    0.12515580042039404,
    0.020871451188426173,
    0.053798195275679375,
    0.05972884802623932,
    0.055973553453814134,
    0.07289467672741122,
    0.018531749773554596,
    0.0827987274880859,
    0.058918557430940745,
    0.040470519788228305,
    0.055970507463554066,
    0.03192418298331095,
    0.04404841522273783,
    0.040515326212248716,
    0.05852802463225582,
    0.06443047895640827,
    0.05409154841353164,
    0.05978177340590205,
    0.07393208886427843,
    0.08180413039690611,
    0.05726884213555388,
    0.07429643869072862,
    0.06607990064344461,
    0.058348210271478976,
    0.06633519560449036,
    0.07107311552786184,
    0.08877062490318648,
    0.0889849401610602,
    0.09930044071573811,
    0.0939457972052472,
    0.1005864569148198,
    0.09606969641693092,
    0.1105147149952967,
    0.1040000659798209,
    0.10124921469204097,
    0.11396261942967162,
    0.11263697724660206,
    0.1122804878728733,
    0.11178094568563973,
    0.11340932870611067,
    0.11599009554340514,
    0.11905125992433215,
    0.12150417614742912,
    0.1265260884566439,
    0.13198229577432485,
    0.13628440095398034,
    0.14178580432703836,
    0.14975012044616198,
    0.15613729345886188,
    0.1624346603239003,
    0.17007903702381744,
    0.17460992455469873,
    0.1822572185975834,
    0.19132904231104716,
    0.19188874960292723,
    0.19658263365950893,
    0.20493864153604055,
    0.20915356053024817,
    0.21594696396309784,
    0.22721218563309048,
    0.23079489444174095,
    0.23704050035033655,
    0.25108780089424587,
    0.2633564010747979,
    0.2755897664859583,
    0.2796536948818329,
    0.2873451841054566,
    0.29719067062432647,
    0.30478005972336225,
    0.31411829957277443,
    0.3161393349802086,
    0.31569198710413576,
    0.32583795665134935,
    0.32048333273203083,
    0.3225162519263142,
    0.3373079619358433,
    0.3657150986358733,
    0.38901716985454665,
    0.41196485167784985,
    0.42409177995601055,
    0.45732500879165117,
    0.5004345396343973,
    0.5453719941826833,
    0.588101306244024,
    0.6109820382606203,
    0.6214962541951772,
    0.6406783607315862,
    0.6468671990723027,
    0.6696295719851599,
    0.6637529004609609,
    0.7037501476001743,
    0.7120508461138804,
    0.6954860965431456,
    0.7253599998039585,
    0.7575483858537765,
    0.7728370769878755,
    0.786664900362196,
    0.8373545347382767,
    0.8233470627560945,
    0.7819730090145316,
    0.7857831490382041,
    0.8010141801807318,
    0.7733390452034805,
    0.8182921694200059,
    0.8750856870501682,
    0.8907150521237058,
    0.8405873770714961,
    0.8817429061845168,
    0.9483227525696811,
    0.8593821218616893,
    0.9088501913725908,
    0.8703336197867383,
    0.8985415333237304,
    0.9673853926963604,
    0.942711403683442,
    0.9226582051260086,
    0.917716643195433,
    0.8845931905617873,
    0.8690276828459004,
    0.9117875749395182,
    0.8454800247283304,
    0.7893196419788657,
    0.898038101033659,
    0.8022029694858698,
    0.7837489797671497,
    0.8247705070274142,
    0.7572455033347553,
    0.7615399208377697,
    0.9785452415295128,
    0.7874905934682943,
    0.842859576675165,
    0.8653367591835783,
    0.7163470808495892,
    0.7277649349385169,
    0.819272244644343,
    0.9312095837904084,
    0.7179352295271674,
    0.6360211492804675,
    0.5987470826818443,
    0.8312529525459873,
    0.8875458607721441,
    0.6758112789642141,
    0.5728046999178129,
    0.7327186115131212,
    0.7667212752407307,
    0.7366657881856803,
    0.8384999290664554,
    0.6253614837209054,
    0.7337794755208855,
    0.6732377311867583,
    0.6284082612593639,
    0.940499858603063,
    0.6176745646754614,
    0.6309316975502935,
    0.6163204611275273,
    0.6017092247047608,
    1.0403022277927692,
    0.7804810223901281,
    0.520659816987487,
    0.523822730922491,
    0.5269856448574949,
    0.5301485587924989,
    0.6450515463917527,
    0.5311392289173753,
    0.5369981650343225,
    0.5428571011512697,
    0.5363799513968565,
    0.5299028016424433,
    0.52342565188803,
    0.5007444339258924,
    0.49702963509778186
  ],