{"AAPL": {"ts": 1755269281.7684662, "pe": 35.087254, "source": "trailing"}, "MSFT": {"ts": 1755269282.2599754, "pe": 38.256966, "source": "trailing"}, "ACQ.TO": {"ts": 1755269282.7500067, "pe": 14.583733, "source": "trailing"}, "ANIP": {"ts": 1755269283.253841, "pe": 15.656419, "source": "forward"}}